prompt,completion
https://www.seriouseats.com/,other
https://www.seriouseats.com/all-recipes-5117985,list
https://www.seriouseats.com/recipes-by-course-5117906,list
https://www.seriouseats.com/recipes-by-ingredient-recipes-5117749,list
https://www.seriouseats.com/recipes-by-world-cuisine-5117277,list
https://www.seriouseats.com/recipes-by-method-5117399,list
https://www.seriouseats.com/recipes-by-diet-5117779,list
https://www.seriouseats.com/holiday-season-recipes-5117984,list
https://www.seriouseats.com/all-recipes-5117985,list
https://www.seriouseats.com/how-tos-5118034,other
https://www.seriouseats.com/techniques-5118032,other
https://www.seriouseats.com/tips-trouble-shooting-5118014,other
https://www.seriouseats.com/grilling-guides-5118026,other
https://www.seriouseats.com/stovetop-guides-5118016,other
https://www.seriouseats.com/baking-guides-5118031,other
https://www.seriouseats.com/entertaining-5118033,other
https://www.seriouseats.com/the-food-lab-5118015,other
https://www.seriouseats.com/how-tos-5118034,other
https://www.seriouseats.com/world-cuisine-guides-5117177,other
https://www.seriouseats.com/african-cuisine-guides-5117176,other
https://www.seriouseats.com/asian-cuisine-guides-5117164,other
https://www.seriouseats.com/caribbean-cuisine-guides-5117113,other
https://www.seriouseats.com/central-american-cuisine-guides-5117136,other
https://www.seriouseats.com/european-cuisine-guides-5117108,other
https://www.seriouseats.com/middle-eastern-cuisine-guides-5117157,other
https://www.seriouseats.com/north-american-cuisine-guides-5117134,other
https://www.seriouseats.com/oceanic-cuisine-guides-5117084,other
https://www.seriouseats.com/south-american-cuisine-guides-5117118,other
https://www.seriouseats.com/world-cuisine-guides-5117177,other
https://www.seriouseats.com/ingredients-guides-5118013,other
https://www.seriouseats.com/chicken-guides-5118008,other
https://www.seriouseats.com/drink-guides-5181286,other
https://www.seriouseats.com/egg-guides-5118005,other
https://www.seriouseats.com/fruit-guides-5118003,other
https://www.seriouseats.com/noodle-guides-5117999,other
https://www.seriouseats.com/pantry-guides-5181287,other
https://www.seriouseats.com/pork-guides-5117995,other
https://www.seriouseats.com/rice-grain-guides-5117992,other
https://www.seriouseats.com/seafood-guides-5117991,other
https://www.seriouseats.com/vegetable-guides-5117987,other
https://www.seriouseats.com/taste-tests-5117986,other
https://www.seriouseats.com/ingredients-guides-5118013,other
https://www.seriouseats.com/equipment-5117081,other
https://www.seriouseats.com/bakeware-5118053,other
https://www.seriouseats.com/cookware-5118049,other
https://www.seriouseats.com/knives-5118044,other
https://www.seriouseats.com/electric-appliances-5118048,other
https://www.seriouseats.com/tools-gadgets-5118041,other
https://www.seriouseats.com/books-5118051,other
https://www.seriouseats.com/barware-5118052,other
https://www.seriouseats.com/coffee-tea-5118050,other
https://www.seriouseats.com/grilling-outdoor-5118046,other
https://www.seriouseats.com/tableware-5118042,other
https://www.seriouseats.com/storage-organization-5118043,other
https://www.seriouseats.com/kitchen-basics-5118045,other
https://www.seriouseats.com/gifts-5118047,other
https://www.seriouseats.com/equipment-5117081,other
https://www.seriouseats.com/features-5118040,other
https://www.seriouseats.com/dining-out-5118039,other
https://www.seriouseats.com/food-history-5118037,other
https://www.seriouseats.com/food-industry-5118038,other
https://www.seriouseats.com/food-science-5118036,other
https://www.seriouseats.com/personal-essays-5118035,other
https://www.seriouseats.com/features-5118040,other
https://www.seriouseats.com/about-us-5120006,other
https://www.seriouseats.com/about-us-5120006,other
https://www.seriouseats.com/about-us-5120006#toc-contact-us,other
https://www.seriouseats.com/slow-cooker-sage-sausage-stuffing-recipe,recipe
https://www.seriouseats.com/latest-5117998,other
https://www.seriouseats.com/butterfiled-roast-turkey-with-gravy-recipe,recipe
https://www.seriouseats.com/best-air-fryer-6824732,other
https://www.seriouseats.com/the-food-lab-thanksgiving-special-the-worlds-easiest-cranberry-sauce,recipe
https://www.seriouseats.com/bag-frozen-dumplings-vietnamese-immigrant-community-diaspora-6824170,other
https://www.seriouseats.com/about-us-5120006,other
https://www.seriouseats.com/daniel-gritzer-5118638,other
https://www.seriouseats.com/tess-koman-5210571,other
https://www.seriouseats.com/amanda-suarez-5221998,other
https://www.seriouseats.com/kristina-razon-5118816,other
https://www.seriouseats.com/yasmine-maggio-5119057,other
https://www.seriouseats.com/jina-stanfill-5181770,other
https://www.seriouseats.com/jacob-dean-5118724,other
https://www.seriouseats.com/riddley-gemperlein-schirm-5209769,other
https://www.seriouseats.com/grace-kelly-5324217,other
https://www.seriouseats.com/jesse-raub-5118757,other
https://www.seriouseats.com/food-science-5118036,other
https://www.seriouseats.com/sourdough-starter-science,other
https://www.seriouseats.com/what-is-maillard-reaction-cooking-science,other
https://www.seriouseats.com/smell-loss,other
https://www.seriouseats.com/food-science-5118036,other
https://www.seriouseats.com/features-5118040,other
https://www.seriouseats.com/authenticity-these-filipino-chefs-arent-concerned,other
https://www.seriouseats.com/obsessed-katherine-cheng-frank-the-hobbyist,other
https://www.seriouseats.com/kimjang,other
https://www.seriouseats.com/world-cuisine-guides-5117177,other
https://www.seriouseats.com/gateau-basque-recipe-6823020,other
https://www.seriouseats.com/knish-miss-congeniality-of-new-york,other
https://www.seriouseats.com/miso-soup-history-how-to,other
https://www.seriouseats.com/beast-blender-review-6751851,other
https://www.seriouseats.com/how-to-make-a-vegetable-puree,other
https://www.seriouseats.com/raspberry-mint-kefir-smoothie-nonalcoholic-drink,recipe
https://www.seriouseats.com/tips-trouble-shooting-5118014,other
https://www.seriouseats.com/how-to-make-pavlova-meringue-garnish-fancy-fruit-dessert-tips,other
https://www.seriouseats.com/sourdough-how-to,other
https://www.seriouseats.com/how-to-use-up-leftover-roast-pork-shoulder,other
https://www.seriouseats.com/tips-trouble-shooting-5118014,other
https://www.seriouseats.com/all-recipes-5117985,list
https://www.seriouseats.com/apple-cider-doughnut-cake-recipe,recipe
https://www.seriouseats.com/ragu-napoletano-meat-sauce-pork-beef-sausage-recipe,recipe
https://www.seriouseats.com/furu-popcorn-chicken-recipe-6750806,recipe
https://www.seriouseats.com/,other
https://www.instagram.com/seriouseats,other
https://www.pinterest.com/seriouseats,other
https://www.facebook.com/seriouseats,other
https://twitter.com/seriouseats,other
https://www.youtube.com/user/seriouseats,other
https://www.reddit.com/r/seriouseats,other
https://www.seriouseats.com/all-recipes-5117985,list
https://www.seriouseats.com/how-tos-5118034,other
https://www.seriouseats.com/world-cuisine-guides-5117177,other
https://www.seriouseats.com/ingredients-guides-5118013,other
https://www.seriouseats.com/equipment-5117081,other
https://www.seriouseats.com/features-5118040,other
https://www.seriouseats.com/about-us-5120006,other
https://www.dotdash.com/our-brands/,other
https://www.seriouseats.com/legal-5120726#toc-terms-of-use,other
https://www.dotdash.com/careers/,other
https://www.seriouseats.com/about-us-5120006#toc-recipe-development-and-testing,other
https://www.seriouseats.com/legal-5120726#toc-privacy-policy,other
https://www.seriouseats.com/legal-5120726#toc-serious-eats-cookie-disclosure,other
//privacy.truste.com/privacy-seal/validation?rid=a135a917-3f90-4cae-92a3-f31fbfcf5441,other
https://www.seriouseats.com/about-us-5120006#toc-contact-us,other
https://www.seriouseats.com/legal-5120726#toc-california-privacy-notice,other
https://www.dotdashmeredith.com,other
https://www.dotdashmeredith.com/brands-privacy,other
https://www.seriouseats.com/,other
https://www.seriouseats.com/all-recipes-5117985,list
https://www.seriouseats.com/recipes-by-course-5117906,list
https://www.seriouseats.com/recipes-by-ingredient-recipes-5117749,list
https://www.seriouseats.com/recipes-by-world-cuisine-5117277,list
https://www.seriouseats.com/recipes-by-method-5117399,list
https://www.seriouseats.com/recipes-by-diet-5117779,list
https://www.seriouseats.com/holiday-season-recipes-5117984,list
https://www.seriouseats.com/all-recipes-5117985,list
https://www.seriouseats.com/how-tos-5118034,other
https://www.seriouseats.com/techniques-5118032,other
https://www.seriouseats.com/tips-trouble-shooting-5118014,other
https://www.seriouseats.com/grilling-guides-5118026,other
https://www.seriouseats.com/stovetop-guides-5118016,other
https://www.seriouseats.com/baking-guides-5118031,other
https://www.seriouseats.com/entertaining-5118033,other
https://www.seriouseats.com/the-food-lab-5118015,other
https://www.seriouseats.com/how-tos-5118034,other
https://www.seriouseats.com/world-cuisine-guides-5117177,other
https://www.seriouseats.com/african-cuisine-guides-5117176,other
https://www.seriouseats.com/asian-cuisine-guides-5117164,other
https://www.seriouseats.com/caribbean-cuisine-guides-5117113,other
https://www.seriouseats.com/central-american-cuisine-guides-5117136,other
https://www.seriouseats.com/european-cuisine-guides-5117108,other
https://www.seriouseats.com/middle-eastern-cuisine-guides-5117157,other
https://www.seriouseats.com/north-american-cuisine-guides-5117134,other
https://www.seriouseats.com/oceanic-cuisine-guides-5117084,other
https://www.seriouseats.com/south-american-cuisine-guides-5117118,other
https://www.seriouseats.com/world-cuisine-guides-5117177,other
https://www.seriouseats.com/ingredients-guides-5118013,other
https://www.seriouseats.com/chicken-guides-5118008,other
https://www.seriouseats.com/drink-guides-5181286,other
https://www.seriouseats.com/egg-guides-5118005,other
https://www.seriouseats.com/fruit-guides-5118003,other
https://www.seriouseats.com/noodle-guides-5117999,other
https://www.seriouseats.com/pantry-guides-5181287,other
https://www.seriouseats.com/pork-guides-5117995,other
https://www.seriouseats.com/rice-grain-guides-5117992,other
https://www.seriouseats.com/seafood-guides-5117991,other
https://www.seriouseats.com/vegetable-guides-5117987,other
https://www.seriouseats.com/taste-tests-5117986,other
https://www.seriouseats.com/ingredients-guides-5118013,other
https://www.seriouseats.com/equipment-5117081,other
https://www.seriouseats.com/bakeware-5118053,other
https://www.seriouseats.com/cookware-5118049,other
https://www.seriouseats.com/knives-5118044,other
https://www.seriouseats.com/electric-appliances-5118048,other
https://www.seriouseats.com/tools-gadgets-5118041,other
https://www.seriouseats.com/books-5118051,other
https://www.seriouseats.com/barware-5118052,other
https://www.seriouseats.com/coffee-tea-5118050,other
https://www.seriouseats.com/grilling-outdoor-5118046,other
https://www.seriouseats.com/tableware-5118042,other
https://www.seriouseats.com/storage-organization-5118043,other
https://www.seriouseats.com/kitchen-basics-5118045,other
https://www.seriouseats.com/gifts-5118047,other
https://www.seriouseats.com/equipment-5117081,other
https://www.seriouseats.com/features-5118040,other
https://www.seriouseats.com/dining-out-5118039,other
https://www.seriouseats.com/food-history-5118037,other
https://www.seriouseats.com/food-industry-5118038,other
https://www.seriouseats.com/food-science-5118036,other
https://www.seriouseats.com/personal-essays-5118035,other
https://www.seriouseats.com/features-5118040,other
https://www.seriouseats.com/about-us-5120006,other
https://www.seriouseats.com/about-us-5120006,other
https://www.seriouseats.com/about-us-5120006#toc-contact-us,other
https://www.seriouseats.com/favorite-recipes-2021-5213870,list
https://www.seriouseats.com/savory-asparagus-mushroom-leek-and-cheese-galette,recipe
https://www.seriouseats.com/basque-cheesecake,recipe
https://www.seriouseats.com/carciofi-alla-romana-roman-italian-braised-artichoke-recipe,recipe
https://www.seriouseats.com/milk-creams,recipe
https://www.seriouseats.com/big-cooking-projects,list
https://www.seriouseats.com/homemade-junk-food-recipes-fries-poutine-jalapeno-poppers,recipe
https://www.seriouseats.com/most-popular-posts,other
https://www.seriouseats.com/kenjis-favorite-recipes,list
https://www.seriouseats.com/favorite-recipes-2020,list
https://www.seriouseats.com/the-food-lab-favorite-recipe,list
https://www.seriouseats.com/omelette-souffle-with-cheese,recipe
https://www.seriouseats.com/yogurt-marinated-chicken-thighs-pickled-nectarines,recipe
https://www.seriouseats.com/causa-peruvian-cold-mashed-potato-casserole-with-tuna-or-chicken,recipe
https://www.seriouseats.com/pasta-chi-vruoccoli-arriminati-sicilian-pasta-with-cauliflower,recipe
https://www.seriouseats.com/roman-jewish-fried-artichokes-carciofi-alla-giudia-recipe,recipe
https://www.seriouseats.com/charred-asparagus-with-miso-bearnaise-sauce,recipe
https://www.seriouseats.com/papri-chaat-indian-street-snack-recipe,recipe
https://www.seriouseats.com/saffron-recipes,list
https://www.seriouseats.com/stir-fried-cucumbers-with-trumpet-mushrooms-and-torch-hei,recipe
https://www.seriouseats.com/roasted-garlic,recipe
https://www.seriouseats.com/bacon-egg-and-cheese-breakfast-burrito,recipe
https://www.seriouseats.com/galam-plee-nam-pla-thai-stir-fried-cabbage-with-fish-sauce-and-garlic,recipe
https://www.seriouseats.com/panang-neua-thai-panang-curry-with-beef,recipe
https://www.seriouseats.com/spaghetti-with-canned-clam-sauce,recipe
https://www.seriouseats.com/nigerian-beef-suya,recipe
https://www.seriouseats.com/cuban-style-pollo-a-la-plancha-marinated-and-griddled-chicken,recipe
https://www.seriouseats.com/drive-thru-history,other
https://www.seriouseats.com/mushroom-pasta-creamy,recipe
https://www.seriouseats.com/ice-cream-style-guide,other
https://www.seriouseats.com/coffee-flavor-profiles-major-growing-regions-guatemala-kenya-brazil-ethiopia,other
https://www.seriouseats.com/meatball-style-guide-varieties-around-the-world,other
https://www.seriouseats.com/the-best-roast-potatoes-ever-recipe,recipe
https://www.seriouseats.com/best-travel-coffee-gear-for-brewing-in-hotel-room-make-coffee-while-traveling-tips,other
https://www.seriouseats.com/juneteenth-menu-5189136,list
https://www.seriouseats.com/old-fashioned-artichokes-a-la-barigoule-with-mushrooms,recipe
https://www.seriouseats.com/rhubarb-crisp-recipe,recipe
https://www.seriouseats.com/creamy-orecchiette-with-spring-onions-fennel-and-bacon,recipe
https://www.seriouseats.com/florentine-omelette-spinach-and-cheese,recipe
https://www.seriouseats.com/sheet-pan-chicken-fajitas,recipe
https://www.seriouseats.com/pistachio-ice-cream,recipe
https://www.seriouseats.com/stellas-favorite-recipes,list
https://www.seriouseats.com/vegan-cashew-milk-braised-green-plantains,recipe
https://www.seriouseats.com/gluten-free-fried-chicken-japanese-ideas-in-food-recipe,recipe
https://www.seriouseats.com/vegan-carbonara-pasta-recipe,recipe
https://www.seriouseats.com/gluten-free-flour-power-potato-bread-recipe,recipe
https://www.seriouseats.com/strawberry-popsicles,recipe
https://www.seriouseats.com/crispy-smoked-mushroom-bacon-bits-vegan-recipe,recipe